{"head":["eventDemo",30,640,1040,"#ffffff"],"_$1":[4,0,2,1,"Arial",28,"#666666",1,32,"%E6%8C%89F12%E6%9F%A5%E7%9C%8B%E9%A1%B5%E9%9D%A2%E4%BF%A1%E6%81%AF",0,0,0],"EventDemo":{"t":1,"tf":1,"f":[{"i":0,"c":{"1":{"o":1,"at":0,"tr":[170,456.799988,1,1,0,0],"w":304.049988,"h":35.299999}}}],"c":["_$1"]}}