{"head":["flipBookDemo",30,640,1040,"#66ff33"],"_$1":[4,0,2,1,"STHeitiSC-Medium",24,"#333333",1,28,"%E7%94%B5%E5%AD%90%E6%9D%82%E5%BF%97%E7%BB%84%E4%BB%B6%E9%A1%B5%E6%95%B0%E5%BF%85%E9%A1%BB%E4%B8%BA%E5%81%B6%E6%95%B0",0,0,0],"FlipBookDemo":{"t":1,"tf":1,"f":[{"i":0,"c":{"1":{"o":1,"at":0,"tr":[122.550003,945,1,1,0,0],"w":398.950012,"h":30.85}}}],"c":["_$1"]},"_$10001":[4,1,0,0,"Arial",36,"#00ff00",1,41,"%E7%AC%AC0%E9%A1%B5",0,0,0],"_$10002":[2],"OnePage":{"t":1,"tf":1,"f":[{"i":0,"c":{"1":{"o":1,"at":0,"tr":[115.949997,265.899994,1,1,0,0],"w":96.199997,"h":54.400002},"2":{"o":2,"at":1,"tr":[-6.05,0,1,1,0,0]}}}],"c":["_$10001","_$10002"],"n":{"0":"page_txt"}},"_$20001":[4,1,0,0,"Arial",36,"#ff0000",1,41,"%E7%AC%AC0%E9%A1%B5",0,0,0],"_$20002":[2],"TwoPage":{"t":1,"tf":1,"f":[{"i":0,"c":{"1":{"o":1,"at":0,"tr":[103,278.899994,1,1,0,0],"w":96.199997,"h":54.400002},"2":{"o":2,"at":1,"tr":[-6.05,0,1,1,0,0]}}}],"c":["_$20001","_$20002"],"n":{"0":"page_txt"}}}