{"head":["multTouch",24,640,1036,"#ffffff"],"_$1":[4,0,2,1,"Arial",24,"#000000",1,30,"%E8%AF%B7%E7%94%A8%E7%9C%9F%E6%9C%BA%E6%B5%8B%E8%AF%95%2C%E4%B8%A4%E4%B8%AA%E6%89%8B%E6%8C%87%E6%97%8B%E8%BD%AC%E5%92%8C%E7%BC%A9%E6%94%BE",0,0,0],"_$2":[2],"_$3":{"t":1,"tf":1,"f":[{"i":0,"c":{"1":{"o":1,"at":0,"tr":[-152.5,-170,1,1,0,0]}}}],"c":["_$2"]},"MultTouch":{"t":1,"tf":1,"f":[{"i":0,"c":{"1":{"o":1,"at":0,"tr":[59.799999,943,1,1,0,0],"w":524.400024,"h":37.599998},"2":{"o":2,"at":1,"tr":[320,520,1,1,0,0],"al":1,"m":0}}}],"c":["_$1","_$3"],"n":{"1":"test_mc"}}}