{"head":["tweenDemo",30,640,1040,"#ffffff"],"_$1":[4,0,2,1,"Arial",21,"#ffffff",1,25,"%E6%B6%88%E5%A4%B1",1,0,0],"_$2":[3,[[1,0,["#666666",1],[0,100,35,1,100,0,1,0,0,1,0,35,1,100,35]]]],"_$3":[4,0,2,1,"Arial",21,"#cccccc",1,25,"%E6%B6%88%E5%A4%B1",1,0,0],"_$4":[3,[[1,0,["#000000",1],[0,97.599998,32.849998,1,97.599998,0,1,0,0,1,0,32.849998,1,97.599998,32.849998]],[2,0,["#000000",1],[0,0,0,1,97.599998,0,1,97.599998,32.849998,1,0,32.849998,1,0,0],3,1,1,10]]],"_$5":{"t":1,"tf":2,"f":[{"i":0,"c":{"1":{"o":1,"at":0,"tr":[9.45,6,1,1,0,0],"w":85,"h":27.450001},"2":{"o":2,"at":1}}},{"i":1,"c":{"1":{"at":-1,"o":1},"2":{"at":-1,"o":2},"3":{"o":3,"at":0,"tr":[8.25,4.85,1,1,0,0],"w":85,"h":27.450001},"4":{"o":4,"at":3}}}],"c":["_$1","_$2","_$3","_$4"],"a":{"0":["stop"]}},"_$6":[4,0,2,1,"Arial",21,"#ffffff",1,25,"%E6%94%BE%E5%A4%A7",1,0,0],"_$8":[4,0,2,1,"Arial",21,"#cccccc",1,25,"%E6%94%BE%E5%A4%A7",1,0,0],"_$9":[3,[[1,0,["#000000",1],[0,100,33.849998,1,100,0,1,0,0,1,0,33.849998,1,100,33.849998]],[2,0,["#000000",1],[0,0,0,1,100,0,1,100,33.849998,1,0,33.849998,1,0,0],3,1,1,10]]],"_$10":{"t":1,"tf":2,"f":[{"i":0,"c":{"1":{"o":1,"at":0,"tr":[20,6.4,1,1,0,0],"w":64,"h":27.450001},"2":{"o":2,"at":1}}},{"i":1,"c":{"1":{"at":-1,"o":1},"2":{"at":-1,"o":2},"3":{"o":3,"at":0,"tr":[20,5.85,1,1,0,0],"w":64,"h":27.450001},"4":{"o":4,"at":3}}}],"c":["_$6","_$2","_$8","_$9"],"a":{"0":["stop"]}},"_$11":[4,0,2,1,"Arial",21,"#ffffff",1,25,"%E6%97%8B%E8%BD%AC",1,0,0],"_$13":[4,0,2,1,"Arial",21,"#cccccc",1,25,"%E6%97%8B%E8%BD%AC",1,0,0],"_$14":[3,[[1,0,["#000000",1],[0,100,32.849998,1,100,0,1,0,0,1,0,32.849998,1,0,35,1,100,35,1,100,32.849998]],[2,0,["#000000",1],[0,0,32.849998,1,0,0,1,100,0,1,100,32.849998],3,1,1,10]]],"_$15":{"t":1,"tf":2,"f":[{"i":0,"c":{"1":{"o":1,"at":0,"tr":[14.7,6.75,1,1,0,0],"w":73.949997,"h":27.450001},"2":{"o":2,"at":1}}},{"i":1,"c":{"1":{"at":-1,"o":1},"2":{"at":-1,"o":2},"3":{"o":3,"at":0,"tr":[13.7,5.65,1,1,0,0],"w":73.949997,"h":27.450001},"4":{"o":4,"at":3}}}],"c":["_$11","_$2","_$13","_$14"],"a":{"0":["stop"]}},"_$16":[4,0,2,1,"Arial",22,"#666666",1,26,"%28%E6%9B%B4%E5%A4%9A%E7%BC%93%E5%8A%A8%E7%B1%BB%E5%9E%8B%E8%AF%B7%E6%9F%A5%E7%9C%8BAPI%29",1,0,0],"_$17":[4,0,2,1,"Arial",21,"#ffffff",1,25,"backInOut%E7%BC%93%E5%8A%A8%E7%B1%BB%E5%9E%8B",1,0,0],"_$19":[4,0,2,1,"Arial",21,"#cccccc",1,25,"backInOut%E7%BC%93%E5%8A%A8%E7%B1%BB%E5%9E%8B",1,0,0],"_$20":[3,[[1,0,["#000000",1],[0,214.25,35,1,214.25,0,1,-0.75,0,1,-0.75,35,1,214.25,35]],[2,0,["#444444",1],[0,-0.75,0,1,214.25,0,1,214.25,35,1,-0.75,35,1,-0.75,0],3,1,1,10]]],"_$21":{"t":1,"tf":2,"f":[{"i":0,"c":{"1":{"o":1,"at":0,"tr":[12.95,6,1,1,0,0],"w":193.449997,"h":27.450001},"2":{"o":2,"at":1,"tr":[-0.15,0,2.149994,1,0,0]}}},{"i":1,"c":{"1":{"at":-1,"o":1},"2":{"at":-1,"o":2},"3":{"o":3,"at":0,"tr":[8.95,9.05,1,1,0,0],"w":197.050003,"h":27.450001},"4":{"o":4,"at":3}}}],"c":["_$17","_$2","_$19","_$20"],"a":{"0":["stop"]}},"_$22":[4,0,2,1,"Arial",21,"#ffffff",1,25,"loop%E6%96%B9%E6%B3%95%E5%B1%9E%E6%80%A7",1,0,0],"_$24":[4,0,2,1,"Arial",21,"#cccccc",1,25,"loop%E6%96%B9%E6%B3%95%E5%B1%9E%E6%80%A7",1,0,0],"_$25":[3,[[1,0,["#000000",1],[0,165,35,1,165,0,1,0,0,1,0,35,1,165,35]],[2,0,["#444444",1],[0,0,0,1,165,0,1,165,35,1,0,35,1,0,0],3,1,1,10]]],"_$26":{"t":1,"tf":2,"f":[{"i":0,"c":{"1":{"o":1,"at":0,"tr":[16.4,6.45,1,1,0,0],"w":136.600006,"h":27.450001},"2":{"o":2,"at":1,"tr":[0,0,1.649994,1,0,0]}}},{"i":1,"c":{"1":{"at":-1,"o":1},"2":{"at":-1,"o":2},"3":{"o":3,"at":0,"tr":[15.25,5.5,1,1,0,0],"w":135.75,"h":27.450001},"4":{"o":4,"at":3}}}],"c":["_$22","_$2","_$24","_$25"],"a":{"0":["stop"]}},"_$27":[4,0,2,1,"Arial",21,"#ffffff",1,25,"yoyo%E6%96%B9%E6%B3%95%E5%B1%9E%E6%80%A7",1,0,0],"_$29":[4,0,2,1,"Arial",21,"#cccccc",1,25,"yoyo%E6%96%B9%E6%B3%95%E5%B1%9E%E6%80%A7",1,0,0],"_$30":[3,[[1,0,["#000000",1],[0,163.850006,35,1,163.850006,0,1,0,0,1,0,35,1,163.850006,35]],[2,0,["#444444",1],[0,0,0,1,163.850006,0,1,163.850006,35,1,0,35,1,0,0],3,1,1,10]]],"_$31":{"t":1,"tf":2,"f":[{"i":0,"c":{"1":{"o":1,"at":0,"tr":[15.9,5.45,1,1,0,0],"w":138.100006,"h":27.450001},"2":{"o":2,"at":1,"tr":[0,0,1.649994,1,0,0]}}},{"i":1,"c":{"1":{"at":-1,"o":1},"2":{"at":-1,"o":2},"3":{"o":3,"at":0,"tr":[12.65,6.5,1,1,0,0],"w":140.399994,"h":27.450001},"4":{"o":4,"at":3}}}],"c":["_$27","_$2","_$29","_$30"],"a":{"0":["stop"]}},"_$32":[4,0,2,1,"Arial",20,"#ffffff",1,24,"%E5%BE%80y%E8%BD%B4%E6%96%B9%E5%90%91%E7%A7%BB%E5%8A%A8",1,0,0],"_$34":[4,0,2,1,"Arial",21,"#cccccc",1,25,"%E5%BE%80y%E8%BD%B4%E6%96%B9%E5%90%91%E7%A7%BB%E5%8A%A8",1,0,0],"_$35":[3,[[1,0,["#000000",1],[0,164.350006,34.099998,1,164.350006,0,1,0,0,1,0,34.099998,1,164.350006,34.099998]],[2,0,["#444444",1],[0,0,0,1,164.350006,0,1,164.350006,34.099998,1,0,34.099998,1,0,0],3,1,1,10]]],"_$36":{"t":1,"tf":2,"f":[{"i":0,"c":{"1":{"o":1,"at":0,"tr":[13.3,7.6,1,0.875,0,0],"w":140.600006,"h":26.35},"2":{"o":2,"at":1,"tr":[0,0,1.649994,1,0,0]}}},{"i":1,"c":{"1":{"at":-1,"o":1},"2":{"at":-1,"o":2},"3":{"o":3,"at":0,"tr":[11.65,7.35,1,0.875,0,0],"w":142.350006,"h":27.450001},"4":{"o":4,"at":3}}}],"c":["_$32","_$2","_$34","_$35"],"a":{"0":["stop"]}},"_$37":[4,0,2,1,"Arial",21,"#ffffff",1,25,"%E5%BE%80x%E8%BD%B4%E6%96%B9%E5%90%91%E7%A7%BB%E5%8A%A8",1,0,0],"_$39":[4,1,0,1,"Arial",21,"#cccccc",1,25,"%E5%BE%80x%E8%BD%B4%E6%96%B9%E5%90%91%E7%A7%BB%E5%8A%A8",1,0,0],"_$41":{"t":1,"tf":2,"f":[{"i":0,"c":{"1":{"o":1,"at":0,"tr":[10.65,7.45,1,0.875,0,0],"w":147.300003,"h":27.450001},"2":{"o":2,"at":1,"tr":[0,0,1.649994,1,0,0]}}},{"i":1,"c":{"1":{"at":-1,"o":1},"2":{"at":-1,"o":2},"3":{"o":3,"at":0,"tr":[10.3,8.35,1.011658,0.875,0,0],"w":145.800003,"h":27.450001},"4":{"o":4,"at":3,"tr":[0,0,0.99939,1,0,0]}}}],"c":["_$37","_$2","_$39","_$25"],"a":{"0":["stop"]}},"_$42":[2],"_$43":[3,[[1,0,["#ff0000",1],[0,21.200001,-21.25,2,12.4,-30,0,-30,2,-12.4,-30,-21.25,-21.25,2,-30,-12.4,-30,0,2,-30,12.4,-21.25,21.200001,2,-12.4,30,0,30,2,12.4,30,21.200001,21.200001,2,30,12.4,30,0,2,30,-12.4,21.200001,-21.25,0,0.55,-0.35,1,25.950001,-0.35,1,0.55,-0.35]],[2,0,["#444444",1],[0,0.55,-0.35,1,25.950001,-0.35],2,1,1,10]]],"_$44":{"t":1,"tf":1,"f":[{"i":0,"c":{"1":{"o":1,"at":0}}}],"c":["_$43"]},"_$45":[3,[[2,0,["#444444",1],[0,586.349976,730.650024,1,595.799988,738.200012,1,586.349976,747],1,1,1,10],[2,0,["#444444",1],[0,593.150024,729.849976,1,594.099976,730.599976],1,1,1,10],[2,0,["#444444",1],[0,594.099976,746.950012,1,593.099976,747.900024],1,1,1,10],[2,0,["#444444",1],[0,31.549999,207.25,1,36.099998,216.649994],2,1,1,10],[2,0,["#444444",1],[0,40.950001,206.149994,1,31.549999,227.949997],2,1,1,10],[2,0,["#444444",1],[0,593.099976,747.900024,1,597.650024,752.049988,1,602.900024,746.450012],2,1,1,10],[2,0,["#444444",1],[0,590.299988,758.200012,1,589.75,758.799988],2,1,1,10],[2,0,["#444444",1],[0,595.099976,758.200012,1,595.450012,758.549988],2,1,1,10],[2,0,["#444444",1],[0,604.400024,758.200012,1,597.650024,752.049988,1,591.900024,758.200012],2,1,1,10],[2,0,["#444444",1],[0,592.400024,747.25,1,593.099976,747.900024],2,1,1,10]]],"TweenDemo":{"t":1,"tf":1,"f":[{"i":0,"c":{"1":{"o":1,"at":0,"tr":[442.200012,821,1,1,0,0],"al":1,"m":0},"2":{"o":2,"at":1,"tr":[330.600006,821,1.000061,0.999695,0,0],"al":1,"m":0},"3":{"o":3,"at":2,"tr":[220.949997,821,1,1,0,0],"al":1,"m":0},"4":{"o":4,"at":3,"tr":[265.200012,883.099976,1,1,0,0],"w":279,"h":28.549999},"5":{"o":5,"at":4,"tr":[42.099998,874.650024,0.997513,1,0,0],"al":1,"m":0},"6":{"o":6,"at":5,"tr":[44.400002,821,1,1,0,0],"al":1,"m":0},"7":{"o":7,"at":6,"tr":[396.049988,765.700012,1,1,0,0],"al":1,"m":0},"8":{"o":8,"at":7,"tr":[219.949997,765.700012,1,1,0,0],"al":1,"m":0},"9":{"o":9,"at":8,"tr":[44.400002,765.700012,0.999908,1,0,0],"al":1,"m":0},"10":{"o":10,"at":9,"tr":[38.599998,181.399994,1,1,0,0]},"11":{"o":11,"at":10,"tr":[80,707,1,1,0,0],"al":1,"m":0},"12":{"o":12,"at":11}}}],"c":["_$5","_$10","_$15","_$16","_$21","_$26","_$31","_$36","_$41","_$42","_$44","_$45"],"n":{"0":"miss","1":"bigger","2":"Rotate","4":"UsebackInOut","5":"Useloop","6":"Useyoyo","7":"move_y",