{"head":["drawingBoardDemo",30,640,1040,"#ffffff"],"_$1":[4,1,0,1,"Arial",24,"#ffffff",1,24,"title",0,0,0],"_$2":[3,[[1,0,["#666666",1],[0,200,44,1,200,0,1,0,0,1,0,44,1,200,44]]]],"Button":{"t":1,"tf":1,"f":[{"i":0,"c":{"1":{"o":1,"at":0,"tr":[12,8.4,1,1,0,0],"w":180,"h":30.85},"2":{"o":2,"at":1}}}],"c":["_$1","_$2"],"n":{"0":"title_txt"}},"_$4":[4,0,2,1,"STHeitiSC-Medium",24,"#333333",1,28,"%E7%94%BB%E6%9D%BF%E7%BB%84%E4%BB%B6%EF%BC%8C%E6%94%AF%E6%8C%81%E6%92%A4%E9%94%80%E5%9B%9E%E9%80%80",0,0,0],"DrawingBoardDemo":{"t":1,"tf":1,"f":[{"i":0,"c":{"1":{"o":1,"at":0,"tr":[220,880.950012,1,1,0,0],"al":1,"m":0},"2":{"o":2,"at":1,"tr":[59.799999,945,1,1,0,0],"w":524.400024,"h":30.85}}}],"c":["Button","_$4"],"n":{"0":"canel_btn"}}}