{"head":["pointDemo",30,640,1040,"#ffffff"],"_$1":[4,2,0,0,"Arial",28,"#666666",1,30,"",0,0,1],"_$2":[4,2,0,0,"Arial",28,"#666666",1,30,"",0,0,1],"_$3":[4,2,0,0,"Arial",28,"#666666",1,30,"",0,0,1],"_$4":[4,2,0,0,"Arial",28,"#666666",1,30,"",0,0,1],"_$5":[4,0,2,1,"Arial",28,"#ffffff",1,30,"%E8%AE%A1%E7%AE%97",0,0,0],"_$6":[3,[[1,0,["#666666",1],[0,135.050003,-35,1,-135,-35,1,-135,35.049999,1,135.050003,35.049999,1,135.050003,-35]]]],"_$7":{"t":1,"tf":1,"f":[{"i":0,"c":{"1":{"o":1,"at":0,"tr":[-72,-15.65,1,1,0,0],"w":148.050003,"h":35.299999},"2":{"o":2,"at":1}}}],"c":["_$5","_$6"]},"_$8":[4,1,0,1,"Arial",28,"#666666",1,30,"",0,0,0],"_$9":[4,0,2,1,"Arial",28,"#666666",1,30,"x2%E5%9D%90%E6%A0%87%EF%BC%9A",0,0,0],"_$10":[4,0,2,1,"Arial",28,"#666666",1,30,"y2%E5%9D%90%E6%A0%87%EF%BC%9A",0,0,0],"_$11":[4,0,2,1,"Arial",28,"#666666",1,30,"y1%E5%9D%90%E6%A0%87%EF%BC%9A",0,0,0],"_$12":[4,0,2,1,"Arial",28,"#666666",1,30,"x1%E5%9D%90%E6%A0%87%EF%BC%9A",0,0,0],"_$13":[3,[[2,0,["#ffffff",1],[0,194.100006,468.100006,1,464.149994,468.100006,1,464.149994,538.150024,1,194.100006,538.150024,1,194.100006,468.100006],1,1,1,10]]],"PointDemo":{"t":1,"tf":1,"f":[{"i":0,"c":{"1":{"o":1,"at":0,"tr":[478.149994,353.149994,1,1,0,0],"w":114,"h":35.299999},"2":{"o":2,"at":1,"tr":[204.100006,357.149994,1,1,0,0],"w":114,"h":35.299999},"3":{"o":3,"at":2,"tr":[478.149994,273.149994,1,1,0,0],"w":114,"h":35.299999},"4":{"o":4,"at":3,"tr":[204.100006,273.149994,1,1,0,0],"w":114,"h":35.299999},"5":{"o":5,"at":4,"tr":[320,503.100006,1,1,0,0],"al":1,"m":0},"6":{"o":6,"at":5,"tr":[120.050003,608.799988,1,1,0,0],"w":400.100006,"h":35.299999},"7":{"o":7,"at":6,"tr":[80.050003,359.149994,1,1,0,0],"w":136.050003,"h":35.299999},"8":{"o":8,"at":7,"tr":[342.100006,359.149994,1,1,0,0],"w":136.050003,"h":35.299999},"9":{"o":9,"at":8,"tr":[342.100006,283.149994,1,1,0,0],"w":136.050003,"h":35.299999},"10":{"o":10,"at":9,"tr":[80.050003,283.149994,1,1,0,0],"w":136.050003,"h":35.299999},"11":{"o":11,"at":10}}}],"c":["_$1","_$2","_$3","_$4","_$7","_$8","_$9","_$10","_$11","_$12","_$13"],"n":{"0":"y2Point","1":"x2Point","2":"y1Point","3":"x1Point","4":"pointCount","5":"finalText"}}}