{"head":["aObjectDemo",30,640,1040,"#ffffff"],"_$1":[4,1,0,1,"Arial",18,"#ff0000",1,21,"",0,0,0],"_$2":[2],"AObjectDemo":{"t":1,"tf":1,"f":[{"i":0,"c":{"1":{"o":1,"at":0,"tr":[117.300003,787,1,1,0,0],"w":410.450012,"h":24.1},"2":{"o":2,"at":1,"tr":[190,864,1,1,0,0]}}}],"c":["_$1","_$2"],"n":{"0":"msg_txt"}}}