{"head":["textFieldDemo",24,640,1036,"#ffffff"],"_$1":[4,0,2,1,"Arial%20Bold%20Italic",24,"#ff00ff",1,28,"%E5%8A%A0%E7%B2%97%E6%96%9C%E4%BD%93",1,1,0],"_$2":[4,0,2,1,"Arial%20Italic",24,"#0033ff",1,28,"%E6%96%9C%E4%BD%93%E6%96%87%E6%9C%AC",0,1,0],"_$3":[4,0,2,1,"Arial%20Bold",24,"#00cc00",1,28,"%E5%8A%A0%E7%B2%97%E6%96%87%E6%9C%AC",1,0,0],"_$4":[4,0,2,1,"Arial",24,"#ff0000",1,28,"%E9%9D%99%E6%80%81%E6%96%87%E6%9C%AC",0,0,0],"_$5":[4,0,2,1,"Arial%20Bold%20Italic",24,"#ff00ff",1,28,"%E5%8A%A0%E7%B2%97%E6%96%9C%E4%BD%93",1,1,0],"_$6":[4,0,2,1,"Arial%20Italic",24,"#0033ff",1,28,"%E6%96%9C%E4%BD%93%E6%96%87%E6%9C%AC",0,1,0],"_$7":[4,0,2,1,"Arial%20Bold",24,"#00cc00",1,28,"%E5%8A%A0%E7%B2%97%E6%96%87%E6%9C%AC",1,0,0],"_$8":[4,1,0,1,"Arial",24,"#006600",1,28,"%E5%8A%A8%E6%80%81%E6%96%87%E6%9C%AC",0,0,0],"_$9":[4,0,2,1,"Arial",24,"#ff0000",1,28,"%E9%9D%99%E6%80%81%E6%96%87%E6%9C%AC",0,0,0],"TextFieldDemo":{"t":1,"tf":1,"f":[{"i":0,"c":{"1":{"o":1,"at":0,"tr":[241.100006,541.599976,1,1,0,0],"w":28,"h":144.399994},"2":{"o":2,"at":1,"tr":[162,541.599976,1,1,0,0],"w":28,"h":144.399994},"3":{"o":3,"at":2,"tr":[241.100006,397.200012,1,1,0,0],"w":28,"h":144.399994},"4":{"o":4,"at":3,"tr":[162,397.200012,1,1,0,0],"w":28,"h":144.399994},"5":{"o":5,"at":4,"tr":[345.100006,602.200012,1,1,0,0],"w":104,"h":37.599998},"6":{"o":6,"at":5,"tr":[345.100006,550.200012,1,1,0,0],"w":104,"h":37.599998},"7":{"o":7,"at":6,"tr":[345.100006,488.200012,1,1,0,0],"w":104,"h":37.599998},"8":{"o":8,"at":7,"tr":[162,343.200012,1,1,0,0],"w":300,"h":37.599998},"9":{"o":9,"at":8,"tr":[345.100006,423.200012,1,1,0,0],"w":104,"h":37.599998}}}],"c":["_$1","_$2","_$3","_$4","_$5","_$6","_$7","_$8","_$9"],"n":{"7":"d_txt"}}}