{"head":["displayObjectDemo",30,640,1040,"#ffffff"],"_$1":[4,0,2,0,"Arial",24,"#ff0000",1,26,"visible",0,0,0],"_$2":[4,0,2,0,"Arial",24,"#ff0000",1,26,"rotation%0Dalpha",0,0,0],"_$3":[4,0,2,0,"Arial",24,"#ff0000",1,26,"skewX%0DskewY",0,0,0],"_$4":[4,0,2,0,"Arial",24,"#ff0000",1,26,"scaleX%0DscaleY",0,0,0],"_$5":[4,0,2,0,"Arial",24,"#ff0000",1,26,"x%0Dy",0,0,0],"_$6":[4,0,2,0,"Arial",24,"#ff0000",1,26,"annie.DisplayObject%E6%9C%89%E5%A6%82%E4%B8%8B%E9%87%8D%E8%A6%81%E5%B1%9E%E6%80%A7%EF%BC%9A",0,0,0],"_$7":[2],"_$8":[4,1,0,1,"Arial",24,"#ffffff",1,26,"%E7%82%B9%E6%88%91%E8%AF%95%E8%AF%95",0,0,0],"_$9":[2],"_$10":{"t":1,"tf":1,"f":[{"i":0,"c":{"1":{"o":1,"at":0,"tr":[-72.5,-13.4,1,1,0,0],"w":150,"h":37.599998},"2":{"o":2,"at":1,"tr":[-82,-38,1,1,0,0]}}}],"c":["_$8","_$9"],"n":{"0":"msg_txt"}},"DisplayObjectDemo":{"t":1,"tf":1,"f":[{"i":0,"c":{"1":{"o":1,"at":0,"tr":[502.899994,175,1,1,0,0],"w":99.099998,"h":30.85},"2":{"o":2,"at":1,"tr":[392.899994,175,1,1,0,0],"w":99.099998,"h":57.700001},"3":{"o":3,"at":2,"tr":[272.850006,175,1,1,0,0],"w":82.050003,"h":57.700001},"4":{"o":4,"at":3,"tr":[139.899994,175,1,1,0,0],"w":82.050003,"h":57.700001},"5":{"o":5,"at":4,"tr":[89.900002,175,1,1,0,0],"w":38,"h":57.700001},"6":{"o":6,"at":5,"tr":[89.900002,137.399994,1,1,0,0],"w":440,"h":37.599998},"7":{"o":7,"at":6,"tr":[152,253,1,1,0,0]},"8":{"o":8,"at":7,"tr":[439.049988,556.5,1,1,0,0],"al":1,"m":0},"9":{"o":9,"at":8,"tr":[439.049988,447.149994,1,1,0,0],"al":1,"m":0},"10":{"o":10,"at":9,"tr":[439.049988,775.200012,1,1,0,0],"al":1,"m":0},"11":{"o":11,"at":10,"tr":[439.049988,665.849976,1,1,0,0],"al":1,"m":0},"12":{"o":12,"at":11,"tr":[201,556.5,1,1,0,0],"al":1,"m":0},"13":{"o":13,"at":12,"tr":[201,447.149994,1,1,0,0],"al":1,"m":0},"14":{"o":14,"at":13,"tr":[201,775.200012,1,1,0,0],"al":1,"m":0},"15":{"o":15,"at":14,"tr":[201,665.849976,1,1,0,0],"al":1,"m":0},"16":{"o":16,"at":15,"tr":[320,912.150024,1,1,0,0],"al":1,"m":0}}}],"c":["_$1","_$2","_$3","_$4","_$5","_$6","_$7","_$10","_$10","_$10","_$10","_$10","_$10","_$10","_$10","_$10"],"n":{"7":"s4_mc","8":"s2_mc","9":"s8_mc","10":"s6_mc","11":"s3_mc","12":"s1_mc","13":"s7_mc","14":"s5_mc","15":"click_btn"}}}