{"head":["testLoadFla",30,640,1040,"#ffffff"],"_$1":[4,0,2,1,"Arial",48,"#000000",1,54,"%E6%88%91%E6%98%AF%E8%A2%AB%E5%8A%A8%E6%80%81%E5%8A%A0%E8%BD%BD%E8%BF%9B%E6%9D%A5%E7%9A%84",0,0,0],"_$2":[3,[[1,0,["#33ff00",1],[0,320,260.200012,2,217.350006,260.200012,144.75,332.75,2,72.199997,405.350006,72.199997,508,2,72.199997,610.650024,144.75,683.200012,2,217.350006,755.799988,320,755.799988,2,422.649994,755.799988,495.200012,683.200012,2,567.799988,610.650024,567.799988,508,2,567.799988,405.350006,495.200012,332.75,2,422.649994,260.200012,320,260.200012]]]],"TestLoadFla":{"t":1,"tf":1,"f":[{"i":0,"c":{"1":{"o":1,"at":0,"tr":[32.799999,836.900024,1,1,0,0],"w":578.450012,"h":57.599998},"2":{"o":2,"at":1}}}],"c":["_$1","_$2"]}}