{"head":["slidePageDemo",24,640,1040,"#ffffff"],"_$1":[4,0,2,1,"STHeitiSC-Medium",24,"#333333",1,28,"%E7%BF%BB%E9%A1%B5%E7%BB%84%E4%BB%B6%EF%BC%8C%E5%BD%93%E7%84%B6%E4%B9%9F%E5%8F%AF%E4%BB%A5%E5%B7%A6%E5%8F%B3%E6%BB%91%EF%BC%8C%E6%88%96%E8%80%85%E4%B8%8D%E5%85%A8%E5%B1%8F%E5%8C%BA%E5%9F%9F",0,0,0],"SlidePageDemo":{"t":1,"tf":1,"f":[{"i":0,"c":{"1":{"o":1,"at":0,"tr":[59.799999,945,1,1,0,0],"w":524.400024,"h":30.85}}}],"c":["_$1"]},"_$10001":[4,0,2,1,"STHeitiSC-Medium",60,"#ff0000",1,68,"%E7%AC%AC%E4%B8%80%E9%A1%B5",0,0,0],"_$10002":[3,[[1,0,["#00ff00",1],[0,640,0,1,0,0,1,0,1036,1,640,1036,1,640,0]]]],"Page1":{"t":1,"tf":1,"f":[{"i":0,"c":{"1":{"o":1,"at":0,"tr":[239.149994,443.450012,1,1,0,0],"w":184.200012,"h":71},"2":{"o":2,"at":1,"tr":[0,0,1,1.003845,0,0]}}}],"c":["_$10001","_$10002"]},"_$20001":[4,0,2,1,"STHeitiSC-Medium",60,"#ff0000",1,68,"%E7%AC%AC%E4%BA%8C%E9%A1%B5",0,0,0],"_$20002":[3,[[1,0,["#ccff00",1],[0,640,0,1,0,0,1,0,1036,1,640,1036,1,640,0]]]],"Page2":{"t":1,"tf":1,"f":[{"i":0,"c":{"1":{"o":1,"at":0,"tr":[239.149994,443.450012,1,1,0,0],"w":184.200012,"h":71},"2":{"o":2,"at":1,"tr":[0,0,1,1.003845,0,0]}}}],"c":["_$20001","_$20002"]},"_$30001":[4,0,2,1,"STHeitiSC-Medium",60,"#ff0000",1,68,"%E7%AC%AC%E4%BA%94%E9%A1%B5",0,0,0],"_$30002":[3,[[1,0,["#99ffff",1],[0,640,0,1,0,0,1,0,1040,1,640,1040,1,640,0]]]],"Page5":{"t":1,"tf":1,"f":[{"i":0,"c":{"1":{"o":1,"at":0,"tr":[239.149994,445.149994,1,1.003845,0,0],"w":184.200012,"h":71},"2":{"o":2,"at":1}}}],"c":["_$30001","_$30002"]},"_$40001":[4,0,2,1,"STHeitiSC-Medium",60,"#ff0000",1,68,"%E7%AC%AC%E5%9B%9B%E9%A1%B5",0,0,0],"_$40002":[3,[[1,0,["#ffccff",1],[0,640,0,1,0,0,1,0,1036,1,640,1036,1,640,0]]]],"Page4":{"t":1,"tf":1,"f":[{"i":0,"c":{"1":{"o":1,"at":0,"tr":[239.149994,445.149994,1,1.003845,0,0],"w":184.200012,"h":71},"2":{"o":2,"at":1,"tr":[0,0,1,1.003845,0,0]}}}],"c":["_$40001","_$40002"]},"_$50001":[4,0,2,1,"STHeitiSC-Medium",60,"#ff0000",1,68,"%E7%AC%AC%20%E4%B8%89%E9%A1%B5",0,0,0],"_$50002":[3,[[1,0,["#0099ff",1],[0,640,0,1,0,0,1,0,1036,1,640,1036,1,640,0]]]],"Page3":{"t":1,"tf":1,"f":[{"i":0,"c":{"1":{"o":1,"at":0,"tr":[239.149994,445.149994,1,1.003845,0,0],"w":200.799988,"h":71},"2":{"o":2,"at":1,"tr":[0,0,1,1.003845,0,0]}}}],"c":["_$50001","_$50002"]},"_$60001":[2],"_$60002":{"t":1,"tf":1,"f":[{"i":0,"c":{"1":{"o":1,"at":0}}}],"c":["_$60001"]},"Arrow":{"t":1,"tf":20,"f":[{"i":0,"c":{"1":{"o":1,"at":0,"tr":[277.75,966.200012,1,1,0,0],"al":1,"m":0},"2":{"o":2,"at":1,"tr":[277.75,999,1,1,0,0],"al":0.3,"m":0}}},{"i":1,"c":{"1":{"o":1,"al":0.89,"tr":[277.75,962,1,1,0,0]},"2":{"o":2,"al":0.38,"tr":[277.75,995.349976,1,1,0,0]}}},{"i":2,"c":{"1":{"o":1,"al":0.78,"tr":[277.75,957.75,1,1,0,0]},"2":{"o":2,"al":0.46,"tr":[277.75,991.650024,1,1,0,0]}}},{"i":3,"c":{"1":{"o":1,"al":0.67,"tr":[277.75,953.549988,1,1,0,0]},"2":{"o":2,"al":0.54,"tr":[277.75,988,1,1,0,0]}}},{"i":4,"c":{"1":{"o":1,"al":0.55,"tr":[277.75,949.299988,1,1,0,0]},"2":{"o":2,"al":0.61,"tr":[277.75,984.349976,1,1,0,0]}}},{"i":5,"c":{"1":{"o":1,"al":0.45,"tr":[277.75,945.100037,1,1,0,0]},"2":{"o":2,"al":0.69,"tr":[277.75,980.650024,1,1,0,0]}}},{"i":6,"c":{"1":{"o":1,"al":0.33,"tr":[277.75,940.850037,1,1,0,0]},"2":{"o":2,"al":0.77,"tr":[277.75,977,1,1,0,0]}}},{"i":7,"c":{"1":{"o":1,"al":0.22,"tr":[277.75,936.650024,1,1,0,0]},"2":{"o":2,"al":0.84,"tr":[277.75,973.349976,1,1,0,0]}}},{"i":8,"c":{"1":{"o":1,"al":0.11,"tr":[277.75,932.400024,1,1,0,0]},"2":{"o":2,"al":0.92,"tr":[277.75,969.650024,1,1,0,0]}}},{"i":9,"c":{"1":{"o":1,"al":0,"tr":[277.75,928.200012,1,1,0,0]},"2":{"o":2,"al":1,"tr":[277.75,966,1,1,0,0]}}},{"i":10,"c":{"1":{"o":1,"al":0.3,"tr":[277.75,1000.200012,1,1,0,0]},"2":{"o":2,"tr":[277.75,965.5,1,1,0,0]}}},{"i":11,"c":{"1":{"o":1,"tr":[277.75,1000,1,1,0,0]},"2":{"o":2,"tr":[277.75,965,1,1,0,0]}}},{"i":12,"c":{"1":{"o":1,"tr":[277.75,999.75,1,1,0,0]},"2":{"o":2,"tr":[277.75,964.5,1,1,0,0]}}},{"i":13,"c":{"1":{"o":1,"tr":[277.75,999.549988,1,1,0,0]},"2":{"o":2,"tr":[277.75,964,1,1,0,0]}}},{"i":14,"c":{"1":{"o":1,"tr":[277.75,999.299988,1,1,0,0]},"2":{"o":2,"tr":[277.75,963.5,1,1,0,0]}}},{"i":15,"c":{"1":{"o":1,"tr":[277.75,999.100037,1,1,0,0]},"2":{"o":2,"tr":[277.75,963,1,1,0,0]}}},{"i":16,"c":{"1":{"o":1,"tr":[277.75,998.850037,1,1,0,0]},"2":{"o":2,"tr":[277.75,962.5,1,1,0,0]}}},{"i":17,"c":{"1":{"o":1,"tr":[277.75,998.650024,1,1,0,0]},"2":{"o":2,"tr":[277.75,962,1,1,0,0]}}},{"i":18,"c":{"1":{"o":1,"tr":[277.75,998.400024,1,1,0,0]},"2":{"o":2,"tr":[277.75,961.5,1,1,0,0]}}},{"i":19,"c":{"1":{"o":1,"tr":[277.75,998.200012,1,1,0,0]},"2":{"o":2,"tr":[277.75,961,1,1,0,0]}}}],"c":["_$60002","_$60002"]}}