{"head":["scratchCardDemo",30,640,1040,"#ffffff"],"_$1":[4,0,2,1,"STHeitiSC-Medium",24,"#333333",1,28,"%E5%88%86%E5%88%AB%E5%9C%A8%E4%B8%A4%E4%B8%AA%E6%96%B9%E5%9D%97%E4%B8%8A%E6%BB%91%E5%8A%A8%E7%9C%8B%E6%95%88%E6%9E%9C",0,0,0],"ScratchCardDemo":{"t":1,"tf":1,"f":[{"i":0,"c":{"1":{"o":1,"at":0,"tr":[122.550003,945,1,1,0,0],"w":398.950012,"h":30.85}}}],"c":["_$1"]},"Logo":[2],"One":[2],"Two":[2]}