{"head":["soundDemo",30,640,1040,"#ffffff"],"_$1":[4,1,2,1,"Arial",28,"#ffffff",1,32,"%E6%92%AD%E6%94%BE%E9%9F%B3%E4%B9%902",0,0,0],"_$2":[3,[[1,0,["#666666",1],[0,-113.5,-30.5,1,-113.5,30.5,1,113.5,30.5,1,113.5,-30.5,1,-113.5,-30.5]]]],"_$3":{"t":1,"tf":1,"f":[{"i":0,"c":{"1":{"o":1,"at":0,"tr":[-119.5,-15.65,1,1,0,0],"w":243,"h":35.299999},"2":{"o":2,"at":1}}}],"c":["_$1","_$2"],"n":{"0":"firstBtnText"}},"_$4":[4,1,2,1,"Arial",28,"#ffffff",1,32,"%E6%92%AD%E6%94%BE%E9%9F%B3%E4%B9%90",0,0,0],"_$6":{"t":1,"tf":1,"f":[{"i":0,"c":{"1":{"o":1,"at":0,"tr":[-74,-15.65,1,1,0,0],"w":152,"h":35.299999},"2":{"o":2,"at":1}}}],"c":["_$4","_$2"],"n":{"0":"firstBtnText"}},"_$7":[3,[[2,0,["#ffffff",1],[0,218,557.950012,1,445,557.950012,1,445,618.950012,1,218,618.950012,1,218,557.950012],1,1,1,10]]],"SoundDemo":{"t":1,"tf":1,"f":[{"i":0,"c":{"1":{"o":1,"at":0,"tr":[320,632.400024,1,1,0,0],"al":1,"m":0},"2":{"o":2,"at":1,"tr":[320,527.450012,1,1,0,0],"al":1,"m":0},"3":{"o":3,"at":2}}}],"c":["_$3","_$6","_$7"],"n":{"0":"playSecondBtn","1":"playBtn"}}}