{"head":["inputDemo",30,640,1040,"#ffffff"],"_$1":[4,2,0,1,"Arial",24,"#333333",1,28,"%E8%8B%B1%E6%96%87%E6%96%87%E6%9C%AC",0,0,0],"_$2":[4,2,0,1,"Arial",24,"#333333",1,28,"%E6%95%B0%E5%AD%97%E6%96%87%E6%9C%AC",0,0,0],"_$3":[4,2,1,1,"Arial",24,"#333333",1,28,"%E5%AF%86%E7%A0%81%E6%96%87%E6%9C%AC",0,0,0],"_$4":[4,2,0,1,"Arial",24,"#333333",1,28,"%E8%BE%93%E5%85%A5%E6%96%87%E6%9C%AC",0,0,0],"InputDemo":{"t":1,"tf":1,"f":[{"i":0,"c":{"1":{"o":1,"at":0,"tr":[270.5,592.599976,1,1,0,0],"w":104,"h":37.599998},"2":{"o":2,"at":1,"tr":[270.5,540.599976,1,1,0,0],"w":104,"h":37.599998},"3":{"o":3,"at":2,"tr":[270.5,478.600006,1,1,0,0],"w":104,"h":37.599998},"4":{"o":4,"at":3,"tr":[270.5,413.600006,1,1,0,0],"w":104,"h":37.599998}}}],"c":["_$1","_$2","_$3","_$4"],"n":{"0":"e_txt","1":"n_txt","2":"pw_txt","3":"i_txt"}}}