{"head":["mouseEventDemo",30,640,1040,"#ffffff"],"_$1":[4,1,2,0,"Arial",24,"#ff0000",1,26,"",0,0,0],"_$2":[4,1,2,1,"Arial",24,"#ff0000",1,26,"",0,0,0],"_$3":[4,1,2,0,"Arial",24,"#ff0000",1,26,"",0,0,0],"_$4":[4,0,2,1,"Arial",24,"#ff0000",1,26,"%E5%BD%93%E5%89%8D%E9%BC%A0%E6%A0%87%E4%BA%8B%E4%BB%B6%EF%BC%9A",0,0,0],"_$5":[4,0,2,1,"Arial",24,"#ff0000",1,26,"%E5%BD%93%E5%89%8Dy%E8%BD%B4%E5%9D%90%E6%A0%87%EF%BC%9A",0,0,0],"_$6":[4,0,2,1,"Arial",24,"#ff0000",1,26,"%E5%BD%93%E5%89%8Dx%E8%BD%B4%E5%9D%90%E6%A0%87%EF%BC%9A",0,0,0],"_$7":[3,[[1,0,["#ff0000",1],[0,452.100006,0,1,0,0,1,0,562.099976,1,452.100006,562.099976,1,452.100006,0]]]],"_$8":{"t":1,"tf":1,"f":[{"i":0,"c":{"1":{"o":1,"at":0}}}],"c":["_$7"]},"MouseEventDemo":{"t":1,"tf":1,"f":[{"i":0,"c":{"1":{"o":1,"at":0,"tr":[126.050003,812.450012,1,1,0,0],"w":218.050003,"h":30.85},"2":{"o":2,"at":1,"tr":[266,874.5,1,1,0,0],"w":268.049988,"h":30.85},"3":{"o":3,"at":2,"tr":[372.149994,812.450012,1,1,0,0],"w":236.050003,"h":30.85},"4":{"o":4,"at":3,"tr":[116.050003,872.5,1,1,0,0],"w":193.149994,"h":30.85},"5":{"o":5,"at":4,"tr":[341.25,740.450012,1,1,0,0],"w":217,"h":30.85},"6":{"o":6,"at":5,"tr":[104.050003,740.450012,1,1,0,0],"w":201.149994,"h":30.85},"7":{"o":7,"at":6,"tr":[93.949997,144.050003,1,1,0,0],"al":1,"m":0}}}],"c":["_$1","_$2","_$3","_$4","_$5","_$6","_$8"],"n":{"0":"xPoint","1":"nowStatus","2":"yPoint","6":"clickArea"}}}