{"head":["globalDispatcherDemo",30,640,1040,"#ffffff"],"_$1":[3,[[1,0,["#ff0000",1],[0,154.050003,-32,1,-154,-32,1,-154,32,1,154.050003,32,1,154.050003,-32]]]],"_$2":{"t":1,"tf":1,"f":[{"i":0,"c":{"1":{"o":1,"at":0}}}],"c":["_$1"]},"_$3":[4,1,2,1,"Arial",34,"#ff0000",1,37,"",0,0,0],"ShowOrNo":{"t":1,"tf":1,"f":[{"i":0,"c":{"1":{"o":1,"at":0,"tr":[153,131.800003,1,1,0,0],"al":1,"m":0},"2":{"o":2,"at":1,"tr":[5,-152,1,1,0,0],"w":302.049988,"h":42}}}],"c":["_$2","_$3"],"n":{"0":"changeBox","1":"getNews"}},"_$5":[4,1,2,1,"Arial",34,"#ffffff",1,37,"%E8%AF%95%E4%B8%80%E8%AF%95",0,0,0],"_$6":[3,[[1,0,["#666666",1],[0,208.050003,72.050003,1,208.050003,0,1,0,0,1,0,72.050003,1,208.050003,72.050003]]]],"_$7":{"t":1,"tf":1,"f":[{"i":0,"c":{"1":{"o":1,"at":0,"tr":[40,17.25,1,1,0,0],"w":130,"h":42},"2":{"o":2,"at":1}}}],"c":["_$5","_$6"]},"_$8":[3,[[2,0,["#ffffff",1],[0,174.100006,816.200012,1,382.149994,816.200012,1,382.149994,888.25,1,174.100006,888.25,1,174.100006,816.200012],1,1,1,10]]],"GlobalDispatcherDemo":{"t":1,"tf":1,"f":[{"i":0,"c":{"1":{"o":1,"at":0,"tr":[166,388.350006,1,1,0,0],"al":1,"m":0},"2":{"o":2,"at":1,"tr":[216,816.200012,1,1,0,0],"al":1,"m":0},"3":{"o":3,"at":2}}}],"c":["ShowOrNo","_$7","_$8"],"n":{"1":"tryBtn"}}}