{"head":["timerDemo",30,640,1040,"#ffffff"],"_$1":[4,1,2,1,"Arial",34,"#ffffff",1,37,"%E9%87%8D%E7%BD%AE",0,0,0],"_$2":[3,[[1,0,["#666666",1],[0,-127,-27,1,-127,27.049999,1,127.050003,27.049999,1,127.050003,-27,1,-127,-27]]]],"_$3":{"t":1,"tf":1,"f":[{"i":0,"c":{"1":{"o":1,"at":0,"tr":[-59,-19,1,1,0,0],"w":122.050003,"h":42},"2":{"o":2,"at":1}}}],"c":["_$1","_$2"],"n":{"0":"actionText"}},"_$4":[4,1,2,1,"Arial",34,"#ffffff",1,37,"%E6%9A%82%E5%81%9C",0,0,0],"_$6":{"t":1,"tf":1,"f":[{"i":0,"c":{"1":{"o":1,"at":0,"tr":[-59,-19,1,1,0,0],"w":122.050003,"h":42},"2":{"o":2,"at":1}}}],"c":["_$4","_$2"],"n":{"0":"actionText"}},"_$7":[4,1,2,1,"Arial",34,"#ffffff",1,37,"%E5%BC%80%E5%A7%8B",0,0,0],"_$9":{"t":1,"tf":1,"f":[{"i":0,"c":{"1":{"o":1,"at":0,"tr":[-59,-19,1,1,0,0],"w":122.050003,"h":42},"2":{"o":2,"at":1}}}],"c":["_$7","_$2"],"n":{"0":"actionText"}},"_$10":[4,1,2,1,"Arial",38,"#ff0000",1,41,"10",0,0,0],"_$11":[4,1,2,1,"Arial",34,"#ff0000",1,37,"%E5%80%92%E8%AE%A1%E6%97%B6",0,0,0],"_$12":[3,[[2,0,["#ffffff",1],[0,206.100006,660.150024,1,460.149994,660.150024,1,460.149994,714.200012,1,206.100006,714.200012,1,206.100006,660.150024],1,1,1,10]]],"TimerDemo":{"t":1,"tf":1,"f":[{"i":0,"c":{"1":{"o":1,"at":0,"tr":[320,867.099976,1,1,0,0],"al":1,"m":0},"2":{"o":2,"at":1,"tr":[320,778.150024,1,1,0,0],"al":1,"m":0},"3":{"o":3,"at":2,"tr":[320,687.150024,1,1,0,0],"al":1,"m":0},"4":{"o":4,"at":3,"tr":[285.899994,396.299988,1,1,0,0],"w":73,"h":46.450001},"5":{"o":5,"at":4,"tr":[225,337.25,1,1,0,0],"w":194.050003,"h":42},"6":{"o":6,"at":5}}}],"c":["_$3","_$6","_$9","_$10","_$11","_$12"],"n":{"0":"replayBtn","1":"stopBtn","2":"actionBtn","3":"nowNum"}}}