{"head":["getQueryStringDemo",30,640,1040,"#ffffff"],"_$1":[2],"_$2":[4,0,2,0,"Arial",24,"#ff0000",1,28,"annie.getQueryString%E4%BD%BF%E7%94%A8%E7%94%A8%E9%80%94%EF%BC%9A%E8%8E%B7%E5%8F%96%E5%9C%B0%E5%9D%80%E6%A0%8F%E4%B8%8A%E7%9A%84%E5%8F%82%E6%95%B0",0,0,0],"GetQueryStringDemo":{"t":1,"tf":1,"f":[{"i":0,"c":{"1":{"o":1,"at":0,"tr":[195,864,1,1,0,0]},"2":{"o":2,"at":1,"tr":[113.550003,237.300003,1,1,0,0],"w":416.950012,"h":59.700001}}}],"c":["_$1","_$2"]}}