{"head":["rectangleDemo",30,640,1040,"#ffffff"],"_$1":{"t":1,"tf":1},"_$2":[4,0,2,1,"Arial",28,"#666666",1,32,"%E6%8C%89F12%E6%9F%A5%E7%9C%8B%E9%A1%B5%E9%9D%A2%E4%BF%A1%E6%81%AF",0,0,0],"_$3":[4,0,2,1,"Arial",28,"#ffffff",1,30,"%E6%98%AF%E5%90%A6%E7%9B%B8%E4%BA%A4",0,0,0],"_$4":[3,[[1,0,["#666666",1],[0,-135,-35,1,-135,35.049999,1,135.050003,35.049999,1,135.050003,-35,1,-135,-35]]]],"_$5":{"t":1,"tf":1,"f":[{"i":0,"c":{"1":{"o":1,"at":0,"tr":[-72,-15.65,1,1,0,0],"w":148.050003,"h":35.299999},"2":{"o":2,"at":1}}}],"c":["_$3","_$4"]},"RectangleDemo":{"t":1,"tf":1,"f":[{"i":0,"c":{"1":{"o":1,"at":0,"tr":[139.949997,170.050003,1,1,0,0],"al":1,"m":0},"2":{"o":2,"at":1,"tr":[170,833.599976,1,1,0,0],"w":304.049988,"h":35.299999},"3":{"o":3,"at":2,"tr":[320,666.150024,1,1,0,0],"al":1,"m":0}}}],"c":["_$1","_$2","_$5"],"n":{"0":"showBox","2":"pointCount"}}}