{"head":["filtersDemo",30,640,1040,"#ffffff"],"Test":[2],"_$2":{"t":1,"tf":1,"f":[{"i":0,"c":{"1":{"o":1,"at":0}}}],"c":["Test"]},"FiltersDemo":{"t":1,"tf":1,"f":[{"i":0,"c":{"1":{"o":1,"at":0,"tr":[412.899994,706.700012,0.780014,0.779938,0,0],"fi":[[7,[0.45,0.45,0.45,1,56,140,0,0]]],"al":1,"m":0},"2":{"o":2,"at":1,"tr":[237.300003,706.700012,0.798508,0.782684,0,0],"fi":[[7,[0.45,0.45,0.45,1,8,-44,243,0]]],"al":1,"m":0},"3":{"o":3,"at":2,"tr":[412.899994,266.799988,0.780014,0.779938,0,0],"fi":[[6,0,0,-100,0]],"al":1,"m":0},"4":{"o":4,"at":3,"tr":[412.899994,484.450012,0.780014,0.779938,0,0],"fi":[[7,[0.39,0.39,0.39,1,0,0,0,0]]],"al":1,"m":0},"5":{"o":5,"at":4,"tr":[61.599998,706.700012,0.780014,0.779938,0,0],"fi":[[7,[0.45,0.45,0.45,1,8,112,140,0]]],"al":1,"m":0},"6":{"o":6,"at":5,"tr":[237.300003,484.450012,0.780014,0.779938,0,0],"fi":[[6,0,53,-56,90]],"al":1,"m":0},"7":{"o":7,"at":6,"tr":[61.599998,484.450012,0.780014,0.779938,0,0],"fi":[[0,0.785398,4,4,4,0,0,0,0,100,"#000000",1]],"al":1,"m":0},"8":{"o":8,"at":7,"tr":[237.300003,266.799988,0.780014,0.779938,0,0],"fi":[[2,8,8,0,0,0,100,"#99ff00",1]],"al":1,"m":0},"9":{"o":9,"at":8,"tr":[61.599998,266.799988,0.780014,0.779938,0,0],"fi":[[1,4,4,0]],"al":1,"m":0}}}],"c":["_$2","_$2","_$2","_$2","_$2","_$2","_$2","_$2","_$2"]}}