{"head":["ajaxDemo",30,640,1040,"#ffffff"],"_$1":[4,1,0,0,"Arial",24,"#000000",1,28,"",0,0,0],"_$2":[4,0,2,1,"Arial",24,"#666666",1,28,"%E5%85%AC%E5%8F%B8%E5%90%8D%E7%A7%B0%EF%BC%9A",0,0,0],"_$3":[4,1,0,0,"Arial",24,"#000000",1,28,"",0,0,0],"_$4":[4,0,2,0,"Arial",24,"#666666",1,28,"%E5%85%AC%E5%8F%B8%E6%8A%80%E6%9C%AFQQ%E7%BE%A4%E5%8F%B7%EF%BC%9A",0,0,0],"_$5":[4,1,0,0,"Arial",24,"#000000",1,28,"",0,0,0],"_$6":[4,0,2,0,"Arial",24,"#666666",1,28,"%E5%85%AC%E5%8F%B8%E8%AE%BA%E5%9D%9B%E7%BD%91%E5%9D%80%EF%BC%9A",0,0,0],"_$7":[4,0,2,0,"Arial",24,"#666666",1,28,"%E5%85%AC%E5%8F%B8%E5%AE%98%E7%BD%91%E7%BD%91%E5%9D%80%EF%BC%9A",0,0,0],"_$8":[4,1,0,0,"Arial",24,"#000000",1,28,"",0,0,0],"_$9":{"t":1,"tf":1,"f":[{"i":0,"c":{"1":{"o":1,"at":0,"tr":[137,2.15,1,1,0,0],"w":366.050018,"h":30.85},"2":{"o":2,"at":1,"tr":[2,1,1,1,0,0],"w":132.149994,"h":30.85},"3":{"o":3,"at":2,"tr":[205,86.199997,1,1,0,0],"w":298.050018,"h":30.85},"4":{"o":4,"at":3,"tr":[2,84.050003,1,1,0,0],"w":216.149994,"h":30.85},"5":{"o":5,"at":4,"tr":[171,166.199997,1,1,0,0],"w":332.050018,"h":30.85},"6":{"o":6,"at":5,"tr":[2,164.050003,1,1,0,0],"w":188.149994,"h":30.85},"7":{"o":7,"at":6,"tr":[2,252.600006,1,1,0,0],"w":178.149994,"h":30.85},"8":{"o":8,"at":7,"tr":[171,254.75,1,1,0,0],"w":332.050018,"h":30.85}}}],"c":["_$1","_$2","_$3","_$4","_$5","_$6","_$7","_$8"],"n":{"0":"companyName_txt","2":"qqCode_txt","4":"askWeb_txt","7":"annieWeb_txt"}},"_$10":[2],"_$11":{"t":1,"tf":1,"f":[{"i":0,"c":{"1":{"o":1,"at":0}}}],"c":["_$10"]},"_$12":[2],"_$13":{"t":1,"tf":1,"f":[{"i":0,"c":{"1":{"o":1,"at":0}}}],"c":["_$12"]},"_$14":{"t":1,"tf":2,"f":[{"i":0,"c":{"1":{"o":1,"at":0,"tr":[-59,-11,1,1,0,0],"al":1,"m":0}}},{"i":1,"c":{"1":{"at":-1,"o":1},"2":{"o":2,"at":0,"tr":[-59,-11,1,0.999969,0,0],"al":1,"m":0}}}],"c":["_$11","_$13"],"a":{"0":["stop"]}},"_$15":[3,[[1,0,["#000000",1],[0,0,0,1,0,400,1,400,400,1,400,0,1,0,0]]]],"_$16":{"t":1,"tf":0},"_$17":{"t":1,"tf":1,"f":[{"i":0,"c":{"1":{"o":1,"at":0,"ma":2},"2":{"o":2,"at":1,"al":1,"m":0}}}],"c":["_$15","_$16"],"n":{"1":"image_mc"}},"_$18":[4,0,2,0,"Arial",24,"#666666",1,28,"%E5%85%AC%E5%8F%B8%E5%BE%AE%E4%BF%A1%E5%85%AC%E4%BC%97%E5%8F%B7%E4%BA%8C%E7%BB%B4%E7%A0%81%EF%BC%9A",0,0,0],"AjaxDemo":{"t":1,"tf":1,"f":[{"i":0,"c":{"1":{"o":1,"at":0,"tr":[70.900002,279.25,1,1,0,0],"al":1,"m":0},"2":{"o":2,"at":1,"tr":[196.100006,190.75,0.699982,0.699982,0,0],"t":-1,"al":1,"m":0},"3":{"o":3,"at":2,"tr":[120,655.650024,1,1,0,0],"al":1,"m":0},"4":{"o":4,"at":3,"tr":[71.900002,591.349976,1,1,0,0],"w":272.149994,"h":30.85}}}],"c":["_$9","_$14","_$17","_$18"],"n":{"0":"message_mc","1":"getData_btn","2":"erCode_mc"}},"ErCode":[2]}