{"head":["touchEventDemo",30,640,1040,"#ffffff"],"_$1":[4,1,2,1,"Arial",32,"#666666",1,35,"%E7%94%A8%E4%B8%A4%E5%8F%AA%E6%89%8B%E6%8C%87%E6%97%8B%E8%BD%AC%E5%92%8C%E7%BC%A9%E6%94%BE",0,0,0],"_$2":[3,[[1,0,["#ff0000",1],[0,246.050003,-262.049988,1,-246.050003,-262.049988,1,-246.050003,262.100006,1,246.050003,262.100006,1,246.050003,-262.049988]]]],"_$3":{"t":1,"tf":1,"f":[{"i":0,"c":{"1":{"o":1,"at":0}}}],"c":["_$2"]},"TouchEventDemo":{"t":1,"tf":1,"f":[{"i":0,"c":{"1":{"o":1,"at":0,"tr":[139,789.799988,1,1,0,0],"w":366.049988,"h":39.75},"2":{"o":2,"at":1,"tr":[320,448.049988,1,1,0,0],"al":1,"m":0}}}],"c":["_$1","_$3"],"n":{"1":"touchArea"}}}