{"head":["facePhotoDemo",30,640,1040,"#ffffff"],"_$1":[4,0,2,1,"STHeitiSC-Medium",24,"#333333",1,28,"%E5%A4%B4%E5%83%8F%E7%BB%84%E4%BB%B6%EF%BC%8C%E6%94%AF%E6%8C%81%E6%96%B9%E5%BD%A2%E5%92%8C%E5%9C%86%E5%BD%A2",0,0,0],"FacePhotoDemo":{"t":1,"tf":1,"f":[{"i":0,"c":{"1":{"o":1,"at":0,"tr":[59.799999,945,1,1,0,0],"w":524.400024,"h":30.85}}}],"c":["_$1"]}}