{"head":["toDisplayDataURLDemo",30,640,1040,"#ffffff"],"_$1":[3,[[1,0,["#00ff00",1],[0,528.650024,705.75,1,137.100006,705.75,1,137.100006,877.099976,1,528.650024,877.099976,1,528.650024,705.75]],[1,0,["#00ff00",1],[0,431.049988,331.200012,2,387.649994,287.799988,326.25,287.799988,2,264.850006,287.799988,221.399994,331.200012,2,178,374.649994,178,436.049988,2,178,497.450012,221.399994,540.849976,2,264.850006,584.299988,326.25,584.299988,2,387.649994,584.299988,431.049988,540.849976,2,474.5,497.450012,474.5,436.049988,2,474.5,374.649994,431.049988,331.200012]]]],"ToDisplayDataURLDemo":{"t":1,"tf":1,"f":[{"i":0,"c":{"1":{"o":1,"at":0}}}],"c":["_$1"]}}