{"head":["spriteDemo",30,640,1040,"#ffffff"],"_$1":[4,1,0,1,"Arial",24,"#ffffff",1,26,"%E6%B8%85%E9%99%A4%E5%8D%95%E4%B8%AA",0,0,0],"_$2":[2],"_$3":{"t":1,"tf":1,"f":[{"i":0,"c":{"1":{"o":1,"at":0,"tr":[-72.5,-13.4,1,1,0,0],"w":150,"h":37.599998},"2":{"o":2,"at":1,"tr":[-82,-38,1,1,0,0]}}}],"c":["_$1","_$2"],"n":{"0":"msg_txt"}},"_$4":[4,1,0,1,"Arial",24,"#ffffff",1,26,"%E6%B8%85%E9%99%A4%E5%85%A8%E9%83%A8",0,0,0],"_$5":{"t":1,"tf":1,"f":[{"i":0,"c":{"1":{"o":1,"at":0,"tr":[-72.5,-13.4,1,1,0,0],"w":150,"h":37.599998},"2":{"o":2,"at":1,"tr":[-82,-38,1,1,0,0]}}}],"c":["_$4","_$2"],"n":{"0":"msg_txt"}},"_$6":[4,1,0,1,"Arial",24,"#ffffff",1,26,"%E4%BA%A4%E6%8D%A2%E5%B1%82%E7%BA%A7",0,0,0],"_$7":{"t":1,"tf":1,"f":[{"i":0,"c":{"1":{"o":1,"at":0,"tr":[-72.5,-13.4,1,1,0,0],"w":150,"h":37.599998},"2":{"o":2,"at":1,"tr":[-82,-38,1,1,0,0]}}}],"c":["_$6","_$2"],"n":{"0":"msg_txt"}},"_$8":[4,1,0,1,"Arial",24,"#ffffff",1,26,"%E7%82%B9%E6%88%91%E8%AF%95%E8%AF%95",0,0,0],"_$9":{"t":1,"tf":1,"f":[{"i":0,"c":{"1":{"o":1,"at":0,"tr":[-72.5,-13.4,1,1,0,0],"w":150,"h":37.599998},"2":{"o":2,"at":1,"tr":[-82,-38,1,1,0,0]}}}],"c":["_$8","_$2"],"n":{"0":"msg_txt"}},"_$10":{"t":1,"tf":1},"SpriteDemo":{"t":1,"tf":1,"f":[{"i":0,"c":{"1":{"o":1,"at":0,"tr":[511.899994,705.849976,1,1,0,0],"al":1,"m":0},"2":{"o":2,"at":1,"tr":[511.899994,802.900024,1,1,0,0],"al":1,"m":0},"3":{"o":3,"at":2,"tr":[320,802.900024,1,1,0,0],"al":1,"m":0},"4":{"o":4,"at":3,"tr":[124,802.900024,1,1,0,0],"al":1,"m":0},"5":{"o":5,"at":4,"tr":[143.949997,248.800003,1,1,0,0],"al":1,"m":0}}}],"c":["_$3","_$5","_$7","_$9","_$10"],"n":{"0":"clean_btn","1":"cleanAll_btn","2":"change_btn","3":"click_btn","4":"testBox"}}}