{"head":["timmerDemo",30,640,1040,"#ffffff"],"_$1":[4,1,2,1,"Arial",34,"#ffffff",1,37,"%E5%BC%80%E5%A7%8B",0,0,0],"_$2":[3,[[1,0,["#666666",1],[0,127.050003,-27,1,-127,-27,1,-127,27.049999,1,127.050003,27.049999,1,127.050003,-27]]]],"_$3":{"t":1,"tf":1,"f":[{"i":0,"c":{"1":{"o":1,"at":0,"tr":[-59,-19,1,1,0,0],"w":122.050003,"h":42},"2":{"o":2,"at":1}}}],"c":["_$1","_$2"]},"_$4":[4,1,2,1,"Arial",38,"#ff0000",1,41,"10",0,0,0],"_$5":[4,1,2,1,"Arial",34,"#ff0000",1,37,"%E5%80%92%E8%AE%A1%E6%97%B6",0,0,0],"_$6":[3,[[2,0,["#ffffff",1],[0,206.100006,660.150024,1,460.149994,660.150024,1,460.149994,714.200012,1,206.100006,714.200012,1,206.100006,660.150024],1,1,1,10]]],"TimmerDemo":{"t":1,"tf":1,"f":[{"i":0,"c":{"1":{"o":1,"at":0,"tr":[320,687.150024,1,1,0,0],"al":1,"m":0},"2":{"o":2,"at":1,"tr":[246.899994,383.299988,1,1,0,0],"w":232.049988,"h":46.450001},"3":{"o":3,"at":2,"tr":[225,337.25,1,1,0,0],"w":194.050003,"h":42},"4":{"o":4,"at":3}}}],"c":["_$3","_$4","_$5","_$6"],"n":{"0":"actionBtn","1":"nowNum"}}}