{"head":["input",24,640,1036,"#ffffff"],"_$1":[2],"_$2":{"t":1,"tf":1,"f":[{"i":0,"c":{"1":{"o":1,"at":0}}}],"c":["_$1"]},"_$3":{"t":1,"tf":4,"f":[{"i":0,"c":{"1":{"o":1,"at":0,"al":1,"m":0}}},{"i":1,"c":{"1":{"o":1,"fi":[[7,[0,0,0,1,0,255,0,0]]],"al":1}}}],"c":["_$2"]},"_$4":[4,2,1,1,"Arial",18,"#ff0000",1,23,"%E8%AF%B7%E8%BE%93%E5%85%A5%E5%AF%86%E7%A0%81",0,0,0],"_$5":[4,2,0,1,"Arial",18,"#ff0000",1,23,"%E8%AF%B7%E8%BE%93%E5%85%A5%E7%94%A8%E6%88%B7%E5%90%8D",0,0,0],"Input":{"t":1,"tf":1,"f":[{"i":0,"c":{"1":{"o":1,"at":0,"tr":[254,498.700012,1,1,0,0],"t":-1,"al":1,"m":0},"2":{"o":2,"at":1,"tr":[207,438.700012,1,1,0,0],"w":217.949997,"h":29.200001},"3":{"o":3,"at":2,"tr":[207,382.700012,1,1,0,0],"w":217.949997,"h":29.200001}}}],"c":["_$3","_$4","_$5"],"n":{"0":"sure_btn","1":"pw_txt","2":"userName_txt"}}}