{"head":["scrollListDemo",24,640,1040,"#ffffff"],"_$1":[4,0,2,1,"STHeitiSC-Medium",24,"#333333",1,28,"%E5%88%97%E8%A1%A8%E7%BB%84%E4%BB%B6%EF%BC%8C%E5%BD%93%E7%84%B6%E4%B9%9F%E5%8F%AF%E4%BB%A5%E5%B7%A6%E5%8F%B3%E6%BB%91%EF%BC%8C%E6%88%96%E8%80%851%E5%88%97%EF%BC%8C%E5%A4%9A%E5%88%97",0,0,0],"ScrollListDemo":{"t":1,"tf":1,"f":[{"i":0,"c":{"1":{"o":1,"at":0,"tr":[59.799999,945,1,1,0,0],"w":524.400024,"h":30.85}}}],"c":["_$1"]},"_$10001":[4,1,0,0,"Arial",15,"#ffd282",1,14,"",0,0,0],"_$10002":[4,1,0,0,"Arial",15,"#ffffff",1,14,"",0,0,0],"_$10003":[4,1,0,2,"Arial",15,"#ffffff",1,14,"",0,0,0],"_$10004":[2],"Item":{"t":1,"tf":1,"f":[{"i":0,"c":{"1":{"o":1,"at":0,"tr":[35.5,12.45,1,1,0,0],"w":99.5,"h":23.799999},"2":{"o":2,"at":1,"tr":[196.800003,11.1,1,1,0,0],"w":114.5,"h":27.75},"3":{"o":3,"at":2,"tr":[261.100006,12.6,1,1,0,0],"w":54.299999,"h":27.75},"4":{"o":4,"at":3}}}],"c":["_$10001","_$10002","_$10003","_$10004"],"n":{"0":"nickName_txt","1":"distance_txt","2":"coin_txt"}}}