{"head":["home",30,640,1040,"#ffffff"],"_$1":[2],"DownBtn":{"t":1,"tf":1,"f":[{"i":0,"c":{"1":{"o":1,"at":0}}}],"c":["_$1"]},"_$3":[4,0,2,1,"Arial",32,"#000000",1,40,"AnnieJS%E5%BC%95%E6%93%8E2.x%E7%A4%BA%E4%BE%8B",0,0,0],"_$4":[3,[[1,0,["#00cc66",1],[0,640,104,1,640,98,1,0,98,1,0,104,1,640,104]]]],"_$5":{"t":1,"tf":1,"f":[{"i":0,"c":{"1":{"o":1,"at":0,"tr":[267.25,58.799999,1,1,0,0],"al":1,"m":0},"2":{"o":2,"at":1,"tr":[113.800003,12,1,1,0,0],"w":410.450012,"h":48.799999},"3":{"o":3,"at":2}}}],"c":["DownBtn","_$3","_$4"]},"Home":{"t":1,"tf":1,"f":[{"i":0,"c":{"1":{"o":1,"at":0,"al":1,"m":0}}}],"c":["_$5"],"n":{"0":"title_mc"}},"_$10001":[4,1,0,1,"Arial",28,"#ffffff",1,35,"title",0,0,0],"_$10002":[3,[[1,0,["#666666",1],[0,480,104,1,480,60,1,146,60,1,146,104,1,480,104]]]],"TitleMc":{"t":1,"tf":1,"f":[{"i":0,"c":{"1":{"o":1,"at":0,"tr":[189.050003,66.650002,1,1,0,0],"w":242.050003,"h":35.299999},"2":{"o":2,"at":1}}}],"c":["_$10001","_$10002"],"n":{"0":"title_txt"}},"_$20001":[2],"BackBtn":{"t":1,"tf":1,"f":[{"i":0,"c":{"1":{"o":1,"at":0,"tr":[0,10,1,1,0,0]}}}],"c":["_$20001"]},"_$30001":[4,1,0,1,"Arial",32,"#ffffff",1,40,"",0,0,0],"_$30002":[3,[[1,0,["#666666",1],[0,526.099976,92,1,526.099976,0,1,0,0,1,0,92,1,526.099976,92]],[2,0,["#000000",1],[0,0,0,1,526.099976,0,1,526.099976,92,1,0,92,1,0,0],4,1,1,10]]],"_$30003":[3,[[1,0,["#333333",1],[0,526.099976,92,1,526.099976,0,1,0,0,1,0,92,1,526.099976,92]],[2,0,["#000000",1],[0,0,0,1,526.099976,0,1,526.099976,92,1,0,92,1,0,0],4,1,1,10]]],"ItemButton":{"t":1,"tf":2,"f":[{"i":0,"c":{"1":{"o":1,"at":0,"tr":[59.799999,26.049999,1,1,0,0],"w":410.450012,"h":48.799999},"2":{"o":2,"at":1}}},{"i":1,"c":{"2":{"at":-1,"o":2},"3":{"o":3,"at":1}}}],"c":["_$30001","_$30002","_$30003"],"n":{"0":"title_txt"}}}