{"head":["scrollPageDemo",24,640,1040,"#ffffff"],"_$1":[4,0,2,1,"STHeitiSC-Medium",24,"#333333",1,28,"%E6%BB%9A%E5%8A%A8%E7%BB%84%E4%BB%B6%EF%BC%8C%E5%BD%93%E7%84%B6%E4%B9%9F%E5%8F%AF%E4%BB%A5%E5%B7%A6%E5%8F%B3%E6%BB%91%EF%BC%8C%E6%88%96%E8%80%85%E4%B8%8D%E5%85%A8%E5%B1%8F%E5%8C%BA%E5%9F%9F",0,0,0],"ScrollPageDemo":{"t":1,"tf":1,"f":[{"i":0,"c":{"1":{"o":1,"at":0,"tr":[59.799999,945,1,1,0,0],"w":524.400024,"h":30.85}}}],"c":["_$1"]},"_$10001":[4,0,2,1,"STHeitiSC-Medium",60,"#ff0000",1,68,"%E7%AC%AC%E4%B8%80%E9%A1%B5",0,0,0],"_$10002":[3,[[1,0,["#00ff00",1],[0,640,0,1,0,0,1,0,1036,1,640,1036,1,640,0]]]],"Page1":{"t":1,"tf":1,"f":[{"i":0,"c":{"1":{"o":1,"at":0,"tr":[239.149994,443.450012,1,1,0,0],"w":184.200012,"h":71},"2":{"o":2,"at":1,"tr":[0,0,1,1.003845,0,0]}}}],"c":["_$10001","_$10002"]},"_$20001":[4,0,2,1,"STHeitiSC-Medium",60,"#ff0000",1,68,"%E7%AC%AC%E4%BA%8C%E9%A1%B5",0,0,0],"_$20002":[3,[[1,0,["#ccff00",1],[0,640,0,1,0,0,1,0,1040,1,640,1040,1,640,0]]]],"Page2":{"t":1,"tf":1,"f":[{"i":0,"c":{"1":{"o":1,"at":0,"tr":[239.149994,443.450012,1,1,0,0],"w":184.200012,"h":71},"2":{"o":2,"at":1}}}],"c":["_$20001","_$20002"]},"_$30001":[4,0,2,1,"STHeitiSC-Medium",60,"#ff0000",1,68,"%E7%AC%AC%20%E4%B8%89%E9%A1%B5",0,0,0],"_$30002":[3,[[1,0,["#0099ff",1],[0,640,0,1,0,0,1,0,1036,1,640,1036,1,640,0]]]],"Page3":{"t":1,"tf":1,"f":[{"i":0,"c":{"1":{"o":1,"at":0,"tr":[239.149994,445.149994,1,1.003845,0,0],"w":200.799988,"h":71},"2":{"o":2,"at":1,"tr":[0,0,1,1.003845,0,0]}}}],"c":["_$30001","_$30002"]},"_$40001":[4,0,2,1,"STHeitiSC-Medium",60,"#ff0000",1,68,"%E7%AC%AC%E5%9B%9B%E9%A1%B5",0,0,0],"_$40002":[3,[[1,0,["#ffccff",1],[0,640,0,1,0,0,1,0,1036,1,640,1036,1,640,0]]]],"Page4":{"t":1,"tf":1,"f":[{"i":0,"c":{"1":{"o":1,"at":0,"tr":[239.149994,445.149994,1,1.003845,0,0],"w":184.200012,"h":71},"2":{"o":2,"at":1,"tr":[0,0,1,1.003845,0,0]}}}],"c":["_$40001","_$40002"]},"_$50001":[4,0,2,1,"STHeitiSC-Medium",60,"#ff0000",1,68,"%E7%AC%AC%E4%BA%94%E9%A1%B5",0,0,0],"_$50002":[3,[[1,0,["#99ffff",1],[0,640,0,1,0,0,1,0,1040,1,640,1040,1,640,0]]]],"Page5":{"t":1,"tf":1,"f":[{"i":0,"c":{"1":{"o":1,"at":0,"tr":[239.149994,445.149994,1,1.003845,0,0],"w":184.200012,"h":71},"2":{"o":2,"at":1}}}],"c":["_$50001","_$50002"]}}